sample,river,zone,site,habitat,Lat,Lon,oxygen,oxygen_sat,temperature,chloride,doc,ammonium,nitrate,phosphate,tn,tp,don,np,benthic_type,afdm,chl
1,Bitterroot,MC,UP,SR,46.667,-114.039,8.61,94.7,20,2.329,1.743,1.5,2.7,11,144.1,5.9,139.9,0.8,Epilithon,0.006,0.05
2,Bitterroot,MC,UP,RN,46.668,-114.0388,8.53,93.5,19.8,1.822,2.269,3.5,8.7,10.3,162.1,7.7,150,2.6,Epilithon,0.532,7.93
3,Bitterroot,MC,UP,PO,46.6688,-114.0393,7.9,86,19.5,1.922,1.986,1.5,16,10,134.2,5.6,116.7,3.9,,,
4,Bitterroot,OC,UP,FC,46.6644,-114.0535,9.02,106.2,23.5,1.446,1.758,3.7,1,10.7,110,6,105.3,1,Epilithon,3.632,38.77
5,Bitterroot,MC,UP,SL,46.6682,-114.039,8.14,89.4,19.9,1.364,1.833,1.5,18.3,10.7,486.6,42.5,466.8,4.1,Epilithon,0.521,11.35
7,Bitterroot,OC,UP,BK,46.6678,-114.0448,8.11,93.2,22.2,1.452,2.143,10.4,25.3,13.3,189.2,11.6,153.5,5.9,FBOM,4.005,24.99
9,Bitterroot,MC,UP,CZ,46.6689,-114.0394,7.75,83.9,19.2,1.881,2.287,13.8,16.3,10.3,130.4,5.1,100.3,6.4,Epilithon,0.712,9.01
11,Bitterroot,OC,UP,PS,46.6683,-114.0412,2.9,27.5,18,0.857,1.514,2,39,18,136.6,13.4,95.6,5,Epilithon,1.661,30.2
13,Bitterroot,OC,UP,OS,46.6656,-114.0375,5.96,63.06,19,2.324,1.832,1.5,1,22.7,128.5,10.1,126,0.2,FBOM,3.581,25.12
15,Bitterroot,OC,UP,PN,46.6665,-114.0446,3.73,43.5,23.1,0.866,2.847,14.3,12.3,18.7,292.2,40.1,265.5,3.2,FBOM,4.877,64.81
16,Bitterroot,MC,MD,SR,46.6909,-114.0453,7.5,80,18.4,1.358,2.256,1.5,24.7,8,187.4,11.8,161.2,7.2,Epilithon,2.354,19.47
17,Bitterroot,MC,MD,RN,46.6955,-114.0474,8.2,89.4,19.4,1.672,2.247,1.5,21.7,9.3,111,5.9,87.8,5.5,Epilithon,0.37,5.5
18,Bitterroot,MC,MD,PO,46.6973,-114.0454,8.56,94.9,20.4,1.396,2.019,6.4,38.7,10,116.5,4.7,71.4,10,,,
19,Bitterroot,OC,MD,PS,46.6825,-114.043,5.01,52.4,17.5,1.293,2.013,8.2,24.7,16,249.6,11,216.7,4.5,Epilithon,1.748,31.79
21,Bitterroot,MC,MD,SL,46.6906,-114.0459,7.66,82.3,18.8,1.594,1.877,1.5,14.7,11.7,103.9,6.5,87.7,3.1,Epilithon,0.273,5.97
23,Bitterroot,OC,MD,BK,46.6824,-114.039,9.17,106.8,23,2.043,2.073,3.9,64.7,10.7,349.5,15.1,280.9,14.2,Epilithon,1.914,11.94
25,Bitterroot,MC,MD,CZ,46.691,-114.0462,7.8,83.9,18.8,1.825,1.984,1.5,1,9,119.4,5.8,116.9,0.6,Epilithon,0.331,4.19
27,Bitterroot,OC,MD,PS,46.6951,-114.0459,2.88,27.7,13.6,1.41,1.351,5.4,16.3,16.7,78.6,8.6,56.9,2.9,FBOM,5.609,102
29,Bitterroot,OC,MD,OS,46.7007,-114.0493,7.07,85.5,24.9,5.328,3.433,13.7,17.7,25.7,272,24.7,240.7,2.7,FBOM,32.187,225.82
31,Bitterroot,OC,MD,PN,46.7004,-114.0498,2.43,29.2,24.3,6.931,9.875,25.3,15.7,56.7,770.8,163,729.8,1.6,FBOM,10.2,135.54
32,Bitterroot,MC,DW,SR,46.7189,-114.0452,8.6,97,21.2,1.602,2.26,2.2,1,8.3,157.1,18.1,153.9,0.8,Epilithon,0.305,2.52
33,Bitterroot,MC,DW,RN,46.7208,-114.0453,7.25,80.9,18.8,1.611,1.824,8,12.7,8,134.3,5.8,113.6,5.7,Epilithon,0.415,6.18
34,Bitterroot,MC,DW,PO,46.7119,-114.0464,8.57,98.2,22,1.708,2.334,1.9,1,8.7,164.9,7.4,162,0.7,,,
35,Bitterroot,OC,DW,FC,46.7292,-114.0663,10.66,127.8,24.5,3.891,3.275,4.3,30.3,12.3,244.1,16.9,209.5,6.2,Epilithon,1.267,13.53
36,Bitterroot,MC,DW,SL,46.7211,-114.0459,7.06,74.6,18,1.771,1.942,1.5,4,7.3,113.7,8,108.2,1.7,Epilithon,1.49,32.5
38,Bitterroot,OC,DW,BK,46.7189,-114.0455,3.54,39.5,20.1,1.465,2.335,21.2,16,16.7,176.9,21.4,139.7,4.9,FBOM,11.628,72.56
40,Bitterroot,OC,DW,PN,46.7202,-114.0461,3.97,46.9,23.2,1.267,9.164,11.6,24.7,20,493.5,46.9,457.3,4,FBOM,17.01,226.03
41,Bitterroot,OC,DW,PS,46.7139,-114.0495,4.6,52.8,22.6,1.422,2.405,3.3,60,13.3,309.2,26.6,245.9,10.5,Epilithon,0.158,2.87
43,Bitterroot,OC,DW,OS,46.7147,-114.0411,3.5,37.2,18.3,1.255,1.311,1.6,51,28.3,108.1,17.4,55.5,4.1,Epilithon,0.098,0.69
45,Bitterroot,OC,DW,PN,46.7207,-114.0457,5.01,55.7,20.9,1.218,6.025,1.8,34.3,24.3,414.3,65,378.2,3.3,FBOM,17.91,237.98
46,Boulder,MC,UP,SR,46.156,-111.9949,5.86,70.3,16,3.594,3.438,34.2,4.7,54,151.8,12,112.9,1.6,Epilithon,0.582,4.93
47,Boulder,MC,UP,RN,46.1568,-111.9978,6,74.8,17.6,3.311,3.767,9.3,2.3,48.7,339.1,20.5,327.5,0.5,Epilithon,4.366,87.57
48,Boulder,MC,UP,PO,46.1558,-111.9949,5.88,70.9,16.2,3.218,2.25,10.9,7,50,125.4,11.3,107.5,0.8,,,
49,Boulder,OC,UP,OS,46.1583,-112.0012,5.26,71.5,22,3.046,6.035,11.8,2.7,61.7,297.6,22.7,283.2,0.5,,,
50,Boulder,MC,UP,SL,46.1648,-112.0116,6.03,80.4,20.8,3.846,2.282,5.1,5.3,43.7,147.4,10.9,137,0.5,Epilithon,0.38,14.54
52,Boulder,OC,UP,BK,46.157,-111.9972,5.53,75.8,22.3,2.985,3.056,18.6,2,50.7,182.9,17.6,162.3,0.9,FBOM,19.133,35.7
54,Boulder,MC,UP,CZ,46.1674,-112.0153,5.73,76.6,21,3.415,3.227,26.6,5.7,49.3,142.9,11,110.6,1.4,Epilithon,0.149,1.2
56,Boulder,OC,UP,PS,46.1563,-111.9952,2.44,28.1,14,1.997,3.345,32.2,21.3,94.7,200.9,63.3,147.4,1.3,Epilithon,0.953,4.97
58,Boulder,OC,UP,OS,46.1597,-112.0055,1.68,21.2,18,2.208,3.602,37.6,5,44.3,206.4,55.5,163.8,2.1,FBOM,1.602,17.19
60,Boulder,OC,UP,PN,46.1623,-112.0066,6.92,90,19.6,3.19,3.641,5.1,1.3,80.3,225.3,29.2,218.8,0.2,FBOM,17.537,91.29
61,Boulder,MC,MD,SR,46.1413,-111.9835,6.38,76,16,3.299,3.062,1.8,8.7,46.7,162.9,16.4,152.4,0.5,Epilithon,0.497,3.26
62,Boulder,MC,MD,RN,46.1415,-111.9835,6.45,78.8,17,3.591,2.973,6.1,2.3,49,145.1,10.2,136.7,0.4,Epilithon,1.629,9.39
63,Boulder,MC,MD,PO,46.1418,-111.9838,6.48,79.9,17.4,3.604,3.158,4.6,2,49.3,145.6,13,139,0.3,,,
64,Boulder,MC,MD,SL,46.1436,-111.9857,6.51,84.9,20.2,4.027,2.925,7.6,11,49,180.8,14.8,162.2,0.8,Epilithon,1.131,21.19
66,Boulder,OC,MD,BK,46.1419,-111.9838,3.83,47.4,17.6,3.584,2.544,4.7,7,54,135.4,16.1,123.7,0.5,FBOM,3.953,58.38
68,Boulder,MC,MD,CZ,46.1435,-111.9858,6.52,84.5,19.8,4.36,2.926,4,9.3,48.3,238,18.3,224.7,0.6,Epilithon,0.546,22.12
70,Boulder,OC,MD,PS,46.1474,-111.9929,,,,3.563,1.231,3.8,38,50.3,114,11.1,72.2,1.8,FBOM,35.525,779.17
72,Boulder,OC,MD,OS,46.1437,-111.9865,6.5,82.5,18.8,3.601,1.701,27.5,19,60.3,89.8,15.9,43.3,1.7,FBOM,3.33,11.16
74,Boulder,OC,MD,PN,46.1451,-111.9867,4.62,71.2,29.1,2.667,4.135,1.8,1.7,54.7,197.7,18.7,194.3,0.1,FBOM,19.488,42.19
75,Boulder,MC,DW,SR,46.1314,-111.9446,4.96,60.7,17.4,4.475,3.012,6.4,3.3,48.3,188.4,12.1,178.7,0.4,Epilithon,0.078,0.91
76,Boulder,MC,DW,RN,46.1321,-111.9601,5.67,71,18.4,4.408,3.164,1.5,1,50.7,147.6,19.4,145.1,0.1,Epilithon,0.321,7.66
77,Boulder,MC,DW,PO,46.1323,-111.9551,4.89,60.2,17.6,4.632,2.915,1.5,8,47,161.6,17.3,152.1,0.4,,,
78,Boulder,OC,DW,FC,46.1322,-111.9556,5.2,64.4,17.8,3.495,3.016,1.5,15.3,47,153.3,11.6,136.5,0.8,Epilithon,0.077,1.31
79,Boulder,MC,DW,SL,46.1322,-111.9604,5.33,68.4,19.5,3.907,3.269,1.5,4,49.7,143,15,137.5,0.2,Epilithon,0.63,16.02
81,Boulder,OC,DW,BK,46.1301,-111.9511,3.91,48.3,17.8,3.042,3.876,1.5,1.3,69.7,137.4,34.4,134.6,0.1,FBOM,18.928,50.88
83,Boulder,MC,DW,CZ,46.1392,-111.9713,4.65,62.8,21.9,4.256,2.614,1.5,4,47,154,12,148.5,0.3,Epilithon,1.889,15.21
85,Boulder,OC,DW,PS,46.1336,-111.9615,11.06,161.2,26.1,2.797,3.975,2.7,2.3,61,208.9,91.8,203.9,0.2,FBOM,101.184,190.44
87,Boulder,OC,DW,OS,46.1403,-111.9791,6.69,92.2,22.9,5.612,1.47,3.3,14,65,121.2,45.5,103.9,0.6,FBOM,8.568,46.88
89,Boulder,OC,DW,PN,46.1355,-111.9659,3.62,47.8,20.8,3.634,3.791,5.4,2,55.7,243.5,37.5,236.1,0.3,Epilithon,0.297,2.36
90,Madison,MC,UP,SR,45.7282,-111.5192,9.88,107.1,19.2,15.426,2.564,1.5,1.3,62.3,191.1,19,188.3,0.1,Epilithon,6.235,45.74
91,Madison,MC,UP,RN,45.7257,-111.5212,9.44,101,18.6,16.229,2.358,9.4,4.7,63.7,167,36.2,153,0.5,Epilithon,0.761,13.95
92,Madison,OC,UP,FC,45.7277,-111.5182,10.29,115.5,21,15.489,2.263,17.6,5.7,66.7,189,13.2,165.8,0.8,Epilithon,1.734,54.61
93,Madison,MC,UP,SL,45.7284,-111.5191,9.34,107.7,22.4,15.643,2.371,3.6,3,67,180.4,17.7,173.8,0.2,Epilithon,0.894,29.97
95,Madison,MC,UP,CZ,45.7283,-111.5183,9.88,108.2,19.7,14.064,2.274,1.5,1,63.3,164,11.6,161.5,0.1,Epilithon,3.463,93.7
97,Madison,OC,UP,OS,45.728,-111.519,8.84,100.2,21.5,15.373,2.482,5.6,4,68,174,21.5,164.4,0.3,Epilithon,49.35,779.69
99,Madison,OC,UP,PN,45.7246,-111.5203,1.02,9.9,14.1,23.886,6.255,250.8,5,77.3,881.6,40.4,625.8,7.3,FBOM,2058.118,460.71
100,Madison,MC,MD,SR,45.7905,-111.5116,9.59,108.3,21.3,16.106,2.379,1.5,1,64.7,161.4,14.3,158.9,0.1,Epilithon,15.38,92.26
101,Madison,MC,MD,RN,45.7921,-111.512,9.51,108.6,21.9,10.214,2.375,5.9,3,52,154.4,13.9,145.5,0.4,Epilithon,11.316,92.32
102,Madison,MC,MD,PO,45.7873,-111.5124,9.59,108,21.2,15.861,2.284,2.6,1,63,157.4,13.7,153.8,0.1,,,
103,Madison,OC,MD,FC,45.7746,-111.5168,9.36,103.1,20.1,16.112,2.339,4.9,1.3,65,184.9,15,178.6,0.2,Epilithon,14.046,15.27
104,Madison,MC,MD,SL,45.7855,-111.5137,9.51,109.8,22.5,16.103,2.409,2.4,1,64.3,153.2,13.1,149.8,0.1,Epilithon,1.652,57.28
106,Madison,OC,MD,BK,45.7853,-111.5137,10.19,120.3,23.6,15.871,2.445,59.3,1.3,69.3,188.2,18.4,127.6,1.9,FBOM,9.594,93.83
108,Madison,MC,MD,CZ,45.7752,-111.5178,9.25,101.5,19.8,14.596,1.867,11.1,1.3,74.7,129.8,18.9,117.4,0.4,Epilithon,19.161,51.59
110,Madison,OC,MD,PN,45.7766,-111.5161,2.2,20.2,11.6,19.048,1.764,13.8,10,70.7,106.8,12,83,0.7,Epilithon,12.62,75.85
111,Madison,OC,MD,PN,45.7784,-111.5159,4.58,50.3,19.9,21.461,3.049,48.4,1.7,83,,,,1.3,Epilithon,1.427,23.6
112,Madison,MC,DW,SR,45.8221,-111.5007,6.99,88.7,19.7,15.659,2.227,76.5,2.7,60.3,195.5,18.1,116.4,2.9,Epilithon,2.469,45.84
113,Madison,MC,DW,RN,45.816,-111.5052,7.24,99.3,23.1,14.075,2.293,6.9,3.3,65.7,165.3,15.4,155.1,0.3,Epilithon,15.276,57.93
114,Madison,MC,DW,PO,45.8167,-111.5029,8.64,105.6,25.5,16.093,2.43,4.8,1,68.7,206.6,29.4,200.8,0.2,,,
115,Madison,OC,DW,FC,45.8125,-111.5026,8.87,108.9,25.4,15.175,2.374,1.5,1,64.7,179.4,15.8,176.9,0.1,Epilithon,3.116,14.37
116,Madison,MC,DW,SL,45.8144,-111.5043,7.16,98.6,23.6,13.905,2.198,1.5,1,62,180.7,17.1,178.2,0.1,Epilithon,0.892,55.55
118,Madison,OC,DW,BK,45.8165,-111.5045,8.88,121.1,23.2,15.768,2.287,5.2,1,61.3,190.8,19.8,184.6,0.2,FBOM,13.288,174.49
120,Madison,MC,DW,CZ,45.8192,-111.5016,8.6,105.5,25.7,15.976,2.288,2.6,1,65,203.8,20.9,200.2,0.1,Epilithon,6.406,189.45
122,Madison,OC,DW,PN,45.8125,-111.503,4.39,52,22.7,14.035,1.989,99.3,5.3,91,152.3,20.7,47.6,2.5,FBOM,3.885,93.25
123,Clark fork,MC,UP,SR,46.6066,-113.0423,6.84,83.2,17.7,5.938,2.815,1.5,1.5,40,225.7,29.1,222.7,0.2,Epilithon,1.908,48.29
124,Clark fork,MC,UP,RN,46.6088,-113.0455,9.54,104.9,19.9,5.317,2.859,1.5,1.5,47.7,305,31.6,302,0.1,Epilithon,6.31,134.61
125,Clark fork,MC,UP,PO,46.6088,-113.0432,6.68,80.2,17.2,5.567,2.654,1.5,1.5,54,259.8,34.3,256.8,0.1,,,
126,Clark fork,MC,UP,SL,46.6084,-113.0438,6.61,78.8,16.9,4.467,2.654,246.9,2.8,69.7,251.5,19.7,1.7,7.9,Epilithon,6.35,44.21
128,Clark fork,OC,UP,BK,46.6101,-113.0461,6.31,75.7,17.3,4.931,2.893,29.4,1.5,49,952.3,55.9,921.4,1.4,FBOM,28.48,369.27
130,Clark fork,MC,UP,CZ,46.6127,-113.0463,9.58,103.5,19.1,5.996,2.675,2,4.8,46.3,263.5,27.9,256.7,0.3,FBOM,8.433,51.17
132,Clark fork,OC,UP,PS,46.61,-113.0466,4.63,54.2,16.1,4.797,1.947,8.4,1.5,95,169.1,80.3,159.2,0.2,FBOM,9.272,277.41
134,Clark fork,OC,UP,OS,46.6081,-113.0441,2.57,25.9,15.8,5.094,1.807,1.5,1.5,47.7,137.7,32.2,134.7,0.1,FBOM,9.968,142.8
136,Clark fork,OC,UP,FC,46.6118,-113.0487,5.53,64.3,15.9,6.174,3.238,1.5,6.5,39,242.6,31.9,234.6,0.5,Epilithon,0.74,16.2
137,Clark fork,OC,UP,PN,46.6062,-113.0434,10.02,131.7,21.5,6.191,7.485,7,1.5,53,754.2,52,745.7,0.4,FBOM,39.36,75.73
138,Clark fork,MC,MD,SR,46.6242,-113.0844,6.61,78.8,16.9,6.487,2.513,1.5,1.5,29.7,224,25.3,221,0.2,Epilithon,22.144,38.28
139,Clark fork,MC,MD,RN,46.6221,-113.0808,6.33,74.9,16.7,6.661,2.761,1.6,2.5,30,222.2,31.5,218.1,0.3,Epilithon,1.516,39.07
140,Clark fork,MC,MD,PO,46.6226,-113.0856,6.26,74,17.1,6.039,2.622,1.5,1.5,27.7,281.9,29.2,278.9,0.2,,,
141,Clark fork,OC,MD,FC,46.6252,-113.0933,5.92,72.2,17.9,4.301,2.039,6.9,5.8,33,224.9,25.7,212.2,0.9,,,
142,Clark fork,MC,MD,SL,46.624,-113.0845,6.41,76,16.8,6.208,2.588,1.5,1.5,36,227.6,27.1,224.6,0.2,Epilithon,5.208,59.24
144,Clark fork,OC,MD,BK,46.6228,-113.0897,5.67,68.5,17.6,6.065,2.546,20.9,4.2,46,265.6,29.6,240.5,1.2,FBOM,9.144,38.76
146,Clark fork,OC,MD,PS,46.6227,-113.09,5.28,58.1,13.1,3.07,1.49,29.2,81.8,42,320.9,32.2,209.9,5.8,Epilithon,8.923,488.31
148,Clark fork,OC,MD,OS,46.6217,-113.0795,6.36,72.3,14.8,7.173,1.88,5.6,1.5,31.7,936.8,219.9,929.7,0.5,FBOM,20.064,86.79
150,Clark fork,OC,MD,PN,46.622,-113.0782,4.39,48.43,15.67,10.43,9.695,186.3,2.2,14.3,690.7,40.7,502.2,29.1,FBOM,27.448,767.87
151,Clark fork,MC,DW,SR,46.6361,-113.1036,7.58,92.8,18.1,6.204,2.369,1.5,1.5,33.7,205.9,25.9,202.9,0.2,Epilithon,20.716,155.98
152,Clark fork,MC,DW,RN,46.6372,-113.1071,7.77,98.6,19.8,6.348,2.403,5.4,2.5,31,207.6,20,199.7,0.6,Epilithon,22.181,896.57
153,Clark fork,MC,DW,PO,46.636,-113.1038,7.52,93.4,18.7,5.856,2.302,1.5,1.5,36,266.7,27.1,263.7,0.2,,,
154,Clark fork,OC,DW,FC,46.6387,-113.1158,6.91,89.6,20.9,6.351,2.653,16.2,43.2,80.3,295.7,70.6,236.3,1.6,FBOM,25.853,104.22
155,Clark fork,MC,DW,SL,46.6345,-113.1059,7.48,93.7,19.2,6.065,2.364,1.5,1.5,40,207,25.7,204,0.2,Epilithon,5.767,82.58
157,Clark fork,OC,DW,BK,46.6371,-113.1092,7.61,98.8,21.1,6.027,2.322,1.6,1.5,40,268,28.8,264.9,0.2,FBOM,16.567,50.02
159,Clark fork,MC,DW,CZ,46.6395,-113.1162,7.5,97.2,21,6.255,2.425,1.5,2.8,39.7,203.1,23.7,198.8,0.2,Epilithon,6.349,28.94
161,Clark fork,OC,DW,OS,46.6369,-113.1089,7.4,98.1,22.4,5.552,1.977,55.3,1.5,30.7,149.5,17.1,92.7,4.1,Epilithon,3.373,24.96
163,Clark fork,OC,DW,PN,46.6367,-113.1042,5,66.1,22.7,6.538,3.741,1.5,1.8,12,307.2,13,303.9,0.6,FBOM,9.35,692.89
164,Big Hole,MC,UP,SR,45.5364,-113.4882,8.4,97.7,12.2,1.263,11.854,8.6,3.7,43.5,592.4,59,580.1,0.6,Epilithon,0.237,0.313
165,Big Hole,MC,UP,RN,45.5383,-113.489,8.3,96.8,12.4,1.062,12.046,5.1,3.7,50.8,562.1,52.6,553.3,0.4,Epilithon,0.572,0.162
166,Big Hole,OC,UP,FC,45.5297,-113.4891,4.2,46.7,9.9,2.501,6.287,26.7,2,26.2,364.5,93.9,335.8,2.4,Epilithon,1.009,0.103
167,Big Hole,MC,UP,SL,45.533,-113.4862,8.3,94.5,11.7,0.77,11.294,3.5,2.7,34.8,568.3,59,562.2,0.4,Epilithon,0.555,0.16
169,Big Hole,OC,UP,BK,45.5344,-113.4867,6.8,82.8,13.7,1.467,12.053,57.5,8,49.2,625.6,70.9,560.1,2.9,FBOM,6.844,8.43
171,Big Hole,MC,UP,CZ,45.5399,-113.489,8.5,101.5,13.4,1.25,12.531,1.5,3.3,38.2,708.7,86.6,703.9,0.3,Epilithon,0.683,22.105
173,Big Hole,OC,UP,PS,45.5431,-113.4882,4.3,53.4,14.7,0.884,9.937,1.5,534,51.5,478.3,69.5,25,23,Epilithon,1.158,1.638
175,Big Hole,OC,UP,OS,45.5473,-113.4898,1.1,15.9,11.1,2.121,8.828,1.5,5,31.5,449,91.2,442.5,0.5,FBOM,6.272,0.059
177,Big Hole,OC,UP,PN,45.5425,-113.4884,8.5,101.5,13.2,2.317,11.398,3.4,5.3,25.2,599.1,37.8,590.4,0.8,FBOM,4.352,6.169
178,Big Hole,MC,MD,SR,45.5641,-113.4896,8.6,98.4,11.4,0.884,12.498,1.8,4.3,43.5,593.9,59.7,587.8,0.3,Epilithon,0.516,10.752
179,Big Hole,MC,MD,RN,45.5651,-113.4879,8.3,93.1,11,2.036,12.279,4.5,7,47.5,641,61.6,629.5,0.5,Epilithon,0.594,0.58
180,Big Hole,OC,MD,FC,45.5589,-113.4891,9.1,106.4,12.4,0.341,8.413,3.5,4.3,38.8,442.1,47.2,434.3,0.4,Epilithon,0.149,0.117
181,Big Hole,OC,MD,BK,45.5643,-113.4899,8.1,95.1,12.9,1.067,12.069,3.3,4,54.2,575.8,58.7,568.5,0.3,FBOM,15.52,9.282
183,Big Hole,MC,MD,CZ,45.5606,-113.4905,8.3,101.8,14.9,1.243,12.302,2.4,5.3,51.2,633.4,62.3,625.7,0.3,Epilithon,0.262,13.493
185,Big Hole,OC,MD,OS,45.5592,-113.488,6,73.5,14.7,1.137,12.701,1.5,2,42.8,682.9,94.5,679.4,0.2,FBOM,7.674,0.087
187,Big Hole,OC,MD,PN,45.5553,-113.4889,6.3,80.4,16.5,2.015,11.88,4.3,6,46.8,585.4,59.1,575.1,0.5,FBOM,1.854,0.907
188,Big Hole,MC,DW,SR,45.6081,-113.4614,8,94.3,12.8,1.489,12.516,2.9,4.7,42.8,629.6,65.1,622,0.4,Epilithon,1.103,117.707
189,Big Hole,MC,DW,RN,45.6111,-113.4608,8.1,92.8,12,1.907,20.294,9.1,6,50.2,658.9,64.8,643.8,0.7,Epilithon,0.838,1.156
190,Big Hole,MC,DW,PO,45.6085,-113.461,8.1,96.3,13.2,1.082,12.316,1.5,2.7,42.8,604.7,63,600.5,0.2,,,
191,Big Hole,OC,DW,FC,45.6086,-113.4604,7.5,87.1,12.1,1.587,14.211,3.1,3.3,52.8,764,57.6,757.6,0.3,Epilithon,0.646,0.217
192,Big Hole,OC,DW,BK,45.6114,-113.461,2.2,25.1,12,1.256,10.251,3.9,6.3,41.5,502.6,61.7,492.4,0.5,FBOM,7.05,23.724
194,Big Hole,MC,DW,CZ,45.6098,-113.4618,8,92.3,12.1,1.152,12.441,2,3.3,50.8,624.9,69.5,619.5,0.2,Epilithon,0.449,0.316
196,Big Hole,OC,DW,PS,45.6001,-113.4672,2.6,28.9,9.6,1.71,7.522,1.5,3.3,22.2,400.3,128.7,395.5,0.5,FBOM,7.057,0.42
198,Big Hole,OC,DW,PN,45.6072,-113.4615,2.9,33.3,11.6,5.632,24.104,3.9,770,34.5,1309.3,129.2,535.4,49.6,FBOM,24.214,18.032
199,Big Horn,MC,UP,SR,45.643,-107.656,9.36,98.2,13,7.051,3.306,22.7,341,5.3,555.2,20.4,191.5,150.8,Epilithon,0.35,9.164
200,Big Horn,MC,UP,RN,45.6442,-107.6595,11.36,127.4,16.3,4.696,3.031,26.7,279,3.7,,,,184.4,Epilithon,0.87,25.2
201,Big Horn,MC,UP,PO,45.6615,-107.6202,9.28,99.9,13.8,4.871,3.019,1.5,253.3,4,557.8,15.7,303,140.9,SPOM,0.02,
202,Big Horn,OC,UP,FC,45.6767,-107.6052,8.79,101.2,17.2,6.306,3.502,1.5,274.3,4.3,905.7,13.8,629.9,140.8,FBOM,3.12,77.003
203,Big Horn,OC,UP,BK,45.6439,-107.6597,9.86,114.15,17.6,5.838,3.204,1.5,239,2.7,475.5,8.3,235,199.5,FBOM,9.27,35.788
205,Big Horn,MC,UP,CZ,45.6437,-107.6592,11.31,129,16.7,2.963,3.36,1.5,128,2.3,467.3,8.1,337.8,122.8,FBOM,0.46,2.136
207,Big Horn,OC,UP,BK,45.6643,-107.6144,2.6,31.6,19.9,5.904,6.612,307.7,140.5,26,,,,38.1,FBOM,10.27,3425.246
209,Big Horn,MC,MD,SR,45.7169,-107.5808,11.04,124.3,16.1,7.157,3.399,29.1,335.3,5.3,297.2,7.8,25,151.2,Epilithon,0.26,2.283
210,Big Horn,MC,MD,RN,45.6765,-107.6043,10.66,116.6,14.7,7.18,2.892,1.5,283.7,3.3,571.6,12.1,286.4,189.2,Epilithon,2.69,19.409
211,Big Horn,MC,MD,PO,45.6868,-107.5982,10.54,115.5,14.8,7.144,2.874,1.5,307,4,519.3,11,210.8,170.6,SPOM,0.02,
212,Big Horn,MC,MD,SL,45.693,-107.5908,11.54,130.1,16.1,5.323,3.302,13.4,220.7,5.7,668.3,22.8,434.3,91.4,Epilithon,1.51,4.859
214,Big Horn,OC,MD,BK,45.6929,-107.5906,9.6,108.5,16.2,7.046,3.276,1.5,292,4,,,,162.3,FBOM,1.74,4.101
216,Big Horn,OC,MD,PN,45.7562,-107.5653,8.34,119.7,28.6,23.736,8.993,1.5,8.7,5,632.1,25.9,621.9,4.5,FBOM,2.69,4.369
217,Big Horn,MC,DW,RN,45.863,-107.5745,8.38,95.4,16.7,3.143,3.766,7.7,151.3,3,,,,117.3,Epilithon,0.4,9.487
218,Big Horn,MC,DW,PO,45.8455,-107.5826,8.1,91.4,16.4,8,2.829,4.4,317.5,4,397.8,8.9,75.9,178,SPOM,0.02,
219,Big Horn,OC,DW,FC,45.8544,-107.5834,8.22,93.2,16.6,6.736,2.199,2.5,270.7,3.3,,,,181.3,FBOM,4.04,6.89
220,Big Horn,MC,DW,SL,45.8861,-107.5715,8.29,96.5,17.6,6.793,3.704,13.8,232,3.3,275.7,8.4,29.9,163.1,FBOM,3.45,32.02
222,Big Horn,OC,DW,BK,45.8862,-107.5709,7.89,93,18.1,6.396,3.448,11.3,237,4,555.8,13.5,307.5,137.3,FBOM,4.32,13.745
224,Big Horn,MC,DW,CZ,45.8559,-107.5768,8.07,91.6,16.5,5.157,3.427,1.7,193.3,3,275.2,6.8,80.2,143.8,FBOM,4.72,3.717
226,Big Horn,OC,DW,BK,45.8652,-107.5738,7.92,99.9,21.6,38.276,4.461,10.6,210,9,922.8,80.4,702.2,54.2,FBOM,2.9,3.054
228,Big Horn,OC,DW,OS,45.9236,-107.5785,7.66,92.9,19.6,5.618,5.237,1.8,208.3,31,,,,15,FBOM,7.79,14.418
230,Tongue,MC,UP,SR,46.3355,-105.7856,7.55,102.2,25.9,2.084,4.375,3.1,3,12.3,85.2,3,79.1,1.1,Epilithon,0.29,0.2
231,Tongue,MC,UP,RN,46.3293,-105.7887,7.63,99.5,24.1,3.997,4.498,1.4,3,11.7,221.3,21.7,216.9,0.8,FBOM,4.09,1.1
232,Tongue,MC,UP,PO,46.3335,-105.7844,7.34,98.3,25.5,2.33,4.405,1.1,0.7,7.3,,,,0.5,,,
233,Tongue,OC,UP,FC,46.3307,-105.7898,7.24,94,23.9,2.31,4.324,1.4,3.8,7,578.1,45.7,572.9,1.7,FBOM,5.25,4
234,Tongue,MC,UP,SL,46.3369,-105.7868,7.03,97.9,27.4,2.498,4.447,1.4,6.8,9,,,,2,Epilithon,0.11,0.5
236,Tongue,MC,UP,RN,46.3402,-105.7934,8.13,112.2,26.9,2.465,4.499,8.4,3.7,10,,,,2.7,SPOM,0.02,0.1
237,Tongue,MC,UP,CZ,46.3296,-105.7875,7.35,96.1,24.5,2.517,4.059,16,4.3,8.7,,,,5.2,SPOM,0.01,0.1
239,Tongue,OC,UP,RN,46.3304,-105.7849,7.57,100.7,24.9,2.562,4.17,1.4,4,8.5,201.1,7.7,195.7,1.4,SPOM,0.02,0.6
240,Tongue,OC,UP,OS,46.3369,-105.7866,2.37,32.9,27.2,8.883,7.255,1.4,54.3,28,297.8,6.7,242.1,4.4,FBOM,2.26,3
242,Tongue,MC,UP,RN,46.3382,-105.7969,7.96,109.7,26.9,3.096,3.928,30.7,4,7.7,253.5,13.6,218.8,10,SPOM,0.02,0.1
243,Tongue,MC,MD,SR,46.354,-105.8246,7.54,96.7,23.7,2.482,4.326,44.5,3.7,7.5,154.6,8.6,106.4,14.2,Epilithon,0.1,0.3
244,Tongue,MC,MD,RN,46.3559,-105.8276,7.28,93.5,23.8,2.565,4.493,39.8,4.3,10.3,,,,9.4,Epilithon,0.23,0.1
245,Tongue,MC,MD,PO,46.3536,-105.8108,7.57,97.7,24,2.391,4.101,10,1.7,8,,,,3.2,,,
246,Tongue,OC,MD,PN,46.3535,-105.8092,4.52,58.8,24.2,8.773,9.749,6.2,4,13.2,,,,1.7,FBOM,12.98,9.4
247,Tongue,MC,MD,SL,46.3532,-105.813,6.91,90.9,25,2.35,4.188,1.4,4,7.5,191.5,11.8,186.1,1.6,Epilithon,0.04,1.7
249,Tongue,OC,MD,BK,46.3515,-105.8147,7.51,98.7,24.9,2.748,3.924,5.1,5.3,8,196.4,7.5,185.9,2.9,FBOM,9.59,6.8
251,Tongue,MC,MD,RN,46.3476,-105.8085,7.86,104.6,25.5,2.948,4.726,12.5,4.3,9,,,,4.1,SPOM,0.01,0.1
252,Tongue,MC,MD,RN,46.3436,-105.8019,8.12,108.2,25.7,2.29,3.994,13.5,1.7,9.5,,,,3.5,SPOM,0.01,0.1
253,Tongue,OC,MD,PN,46.3574,-105.8188,6.23,78.8,23,3.728,5.768,88.9,10,9.5,,,,23,FBOM,6.88,6.5
254,Tongue,MC,DW,SR,46.3766,-105.8362,7.92,108.2,27.1,2.148,4.019,2.4,4.3,8.2,,,,1.8,Epilithon,0.08,0.3
255,Tongue,MC,DW,RN,46.3745,-105.8418,7.94,108.4,26.9,2.823,4.335,54,5,8.5,,,,15.4,SPOM,0.01,0
256,Tongue,MC,DW,PO,46.3731,-105.8457,7.87,106.6,26.5,3.148,4.169,5.4,4.3,9.8,,,,2.2,,,
257,Tongue,MC,DW,SL,46.373,-105.8441,7.31,105.4,30.1,3.239,4.261,1.4,4.7,7,,,,1.9,Epilithon,0.35,0.4
259,Tongue,OC,DW,BK,46.3735,-105.8457,5.16,63.4,21.7,2.458,4.391,4.9,1.7,7.5,,,,1.9,FBOM,1.51,3
261,Tongue,MC,DW,RN,46.3767,-105.8466,7.53,96.1,23.7,2.094,4.283,1.4,4.7,7.5,191.3,6.4,185.2,1.8,SPOM,0.01,0
262,Tongue,MC,DW,RN,46.3758,-105.8485,7.59,97.2,23.8,1.959,4.177,1.4,3.7,6.8,,,,1.6,SPOM,0.01,0
263,Tongue,OC,DW,PN,46.3754,-105.8474,4.05,50.1,22,5.907,11.373,1.4,1.3,12.8,575.5,28,572.8,0.5,FBOM,5.53,20.6
264,Missouri,MC,UP,SR,48.0682,-105.5322,9.48,106.5,17.9,9.84,2.757,7.7,3.3,11.7,197,7.9,186,2.1,Epilithon,0.54,2.4
265,Missouri,MC,UP,RN,48.0945,-105.5055,10.1,112.9,17.7,8.947,2.91,14,1.2,11,161.9,9.7,146.7,3.1,SPOM,0.01,0
266,Missouri,MC,UP,PO,48.0716,-105.5255,9.96,110.1,17.2,9.486,2.803,4.9,1.2,10.3,194.8,12.6,188.7,1.3,,,
267,Missouri,MC,UP,RN,48.0895,-105.4509,10.23,116,18.3,9.443,2.208,1.4,1.2,10.7,361.1,13.5,358.5,0.5,SPOM,0.01,0
268,Missouri,MC,UP,SL,48.093,-105.4968,9.83,111.3,18.2,9.574,3.646,8.8,2,10.7,114.1,5.7,103.3,2.2,FBOM,1.14,2.4
270,Missouri,OC,UP,BK,48.0757,-105.5246,10.1,116.2,19.2,9.44,3.845,3.8,2.2,12.3,147.4,12.9,141.4,1.1,FBOM,18.34,25.4
272,Missouri,MC,UP,CZ,48.0924,-105.4893,9.72,110.5,18.3,10.032,3.854,10.7,2.3,14,2043,20.9,2030,2.1,FBOM,1.54,2.9
274,Missouri,OC,UP,OS,48.0932,-105.49,9.13,120.4,26.1,10.074,3.281,7.9,3.3,13.3,152.6,6,141.4,1.9,FBOM,12.35,28.2
276,Missouri,OC,UP,PN,48.0942,-105.4917,12.26,160.7,25.7,21.404,4.648,43.5,7.2,8.3,478.2,12.6,427.5,13.5,FBOM,17.11,27.5
277,Missouri,MC,MD,RN,48.0922,-105.4067,9.86,106.9,16.7,10.441,2.969,7.8,4.2,12,320.6,11.2,308.6,2.2,SPOM,0.05,0
278,Missouri,MC,MD,PO,48.0914,-105.4366,9.84,112.1,18.4,8.869,3.666,1.4,1.8,8.7,210.1,7.9,206.9,0.8,,,
279,Missouri,MC,MD,SL,48.0934,-105.4278,9.53,114.5,21.1,9.864,4.083,17.9,3.3,9.7,217.9,7.7,196.7,4.9,FBOM,12.02,7.1
281,Missouri,OC,MD,BK,48.0935,-105.4269,8.75,117.8,27.2,10.638,4.678,9.2,3.3,10,189.1,37.3,176.6,2.8,FBOM,2.69,34.8
283,Missouri,MC,MD,RN,48.0893,-105.3772,15.12,186.4,22.8,53.473,13.769,27.7,19.4,47.5,622,63,574.9,2.2,FBOM,18.36,60.1
284,Missouri,OC,MD,OS,48.0882,-105.3748,14.28,192.4,27.5,60.118,7.146,7,13.3,39.7,911.9,69.6,891.5,1.1,FBOM,0.95,21.5
286,Missouri,OC,MD,PN,48.0931,-105.4279,10.69,136.9,24.3,23.22,20.628,5.8,5,12,622.4,16.2,611.6,2,FBOM,3.52,42.9
287,Missouri,MC,DW,RN,48.0874,-105.2648,9.49,107.8,18.7,7.937,2.089,12.9,1.2,9.3,330,13.3,315.9,3.4,SPOM,0.02,0
288,Missouri,MC,DW,RN,48.0797,-105.3171,9.69,107.5,17.7,9.515,2.438,9.6,1.3,8.3,281.7,7.6,270.8,2.9,SPOM,0.01,0
289,Missouri,MC,DW,PO,48.0925,-105.33,9.46,105.3,17.6,9.924,2.56,14.6,4.2,9.3,282.4,6.2,263.6,4.5,,,
290,Missouri,OC,DW,FC,48.0853,-105.2704,7.57,96.4,24.6,10.109,3.783,33.3,5.1,9,249.5,7.7,211.1,9.4,FBOM,11.39,14
291,Missouri,MC,DW,SL,48.0801,-105.3094,9.53,109.2,19.2,9.333,2.519,0.8,2,9,190.5,9.2,187.7,0.7,FBOM,2.53,1.8
293,Missouri,OC,DW,BK,48.0798,-105.2992,11.95,162.5,28.3,9.023,2.546,8.3,1,12.7,273.2,12.6,263.9,1.6,FBOM,1.65,11.2
295,Missouri,MC,DW,CZ,48.0854,-105.2699,9.28,107.7,19.7,10.323,3.415,1.4,4,9.3,220.6,7,215.2,1.3,FBOM,4.98,14.3
297,Missouri,OC,DW,OS,48.098,-105.2528,11.11,143.8,25.1,29.402,5.057,40.1,4.2,23.7,315.1,8,270.8,4.1,FBOM,4.58,14.3
299,Missouri,OC,DW,PN,48.0941,-105.2465,13.35,185.2,29.1,27.53,8.211,14.7,3.3,21.3,569.4,17,551.3,1.9,FBOM,2.41,9.6
300,Milk,MC,UP,SR,48.3632,-106.9272,8.11,106.5,24.6,11.574,6.622,9.2,4,12.7,,,,2.3,SPOM,0.02,
301,Milk,MC,UP,RN,48.3761,-106.9519,7.68,100.6,24.6,12.245,5.091,9.2,4.3,13.3,176,10.8,162.5,2.2,SPOM,0.02,
302,Milk,MC,UP,PO,48.3731,-106.9741,7.65,98.1,23.9,10.343,6.666,3.8,4.7,10,445.6,19.3,437.2,1.9,,,
303,Milk,OC,UP,OS,48.3796,-106.9665,6.12,75,21.1,4.933,13.665,7.7,3.5,139.7,949.6,202.4,938.4,0.2,FBOM,3.32,19.94
304,Milk,MC,UP,SL,48.3759,-106.9339,7.36,100.8,26.8,11.82,6.465,1.4,7,13.3,217.2,11.9,208.8,1.4,FBOM,1.45,0.01
305,Milk,OC,UP,BK,48.3785,-106.9583,7.41,98.1,25.3,11.871,6.367,10.6,1.7,14.3,421.2,23.6,408.9,1.9,FBOM,4.93,0.01
306,Milk,MC,UP,RN,48.373,-106.9235,7.85,101.5,24.5,12.359,8.391,27.7,10.3,20,,,,4.2,SPOM,0.03,
307,Milk,OC,UP,PS,48.3758,-106.9666,8.14,98.3,20.6,17.054,3.269,364.3,6,21.7,552.3,41.9,182,37.8,FBOM,4.19,0.01
308,Milk,MC,MD,RN,48.3529,-106.8907,7.09,88.8,23,6.998,6.841,6.9,1.7,12.3,201.3,14.6,192.8,1.5,SPOM,0.02,
309,Milk,MC,MD,RN,48.36,-106.9052,7.36,91.5,22.6,10.082,6.471,14.5,1.7,12.7,232.3,14.2,216.1,2.8,SPOM,0.18,
310,Milk,MC,MD,PO,48.3575,-106.9022,7.11,88.4,22.6,11.228,6.279,4.1,3.3,14,386.1,20.5,378.6,1.2,,,
311,Milk,MC,MD,SL,48.348,-106.8908,7.53,97.9,24.7,10.902,6.28,4,2.5,13,266.2,15.6,259.7,1.1,FBOM,8.96,0.01
312,Milk,OC,MD,BK,48.3622,-106.8897,7.33,92.4,23.1,11.152,6.465,1.2,6,13.7,385.9,30.2,378.7,1.2,FBOM,3.12,1.63
313,Milk,OC,MD,PS,48.3622,-106.8897,5.47,61.7,17.2,30.039,6.766,209.9,5.7,29.7,281.8,19.4,66.2,16.1,,,
314,Milk,MC,MD,RN,48.3461,-106.8868,7.34,93.8,23.3,6.324,6.29,3.9,2.7,12.3,368.8,17.2,362.2,1.2,,,
315,Milk,MC,MD,RN,48.3623,-106.8915,7.24,90.1,22.7,7.754,6.383,7.8,1.3,12.7,190.6,11.4,181.4,1.6,SPOM,0.05,
316,Milk,MC,MD,RN,48.3606,-106.8853,7.75,97.8,23.1,11.006,6.2,5.7,0,11.7,204.1,13.2,198.4,1.1,SPOM,0.02,
317,Milk,MC,DW,RN,48.3477,-106.8516,7.66,98.4,23.7,11.078,6.04,39.7,1.5,12.7,432.6,30.9,391.4,7.2,SPOM,0.03,
318,Milk,MC,DW,PO,48.3367,-106.8383,7.91,101.2,23.9,10.065,6.007,3.5,2,14,418.8,22.1,413.3,0.9,,,
319,Milk,OC,DW,FC,48.3125,-106.8251,14.28,192.4,27.5,9.545,6.773,30.3,16.5,12.7,,,,8.2,FBOM,8.03,0.01
320,Milk,OC,DW,BK,48.3282,-106.835,8.17,105.9,24.4,9.442,6.234,1.4,3.3,11.7,359.9,16.5,355.2,0.9,FBOM,1.78,0.01
321,Milk,OC,DW,PS,48.3404,-106.8451,7.1,93.1,24.8,15.64,12.781,51.1,23.5,127.7,370.1,99.7,295.5,1.3,FBOM,0.44,0.02
322,Milk,MC,DW,RN,48.3361,-106.8344,8.11,105.1,24.1,5.827,6.402,1.2,1.3,10.3,193.4,12,190.9,0.5,SPOM,0.18,
323,Milk,MC,DW,RN,48.3249,-106.8278,8.44,108.5,24.3,9.356,6.718,1.2,4.3,13.3,214,12.9,208.5,0.9,SPOM,0.02,
324,Milk,OC,DW,PN,48.3486,-106.879,7.13,95.2,26.1,10.095,6.776,17.7,4,15,,,,3.2,FBOM,4.1,0.01
325,Swan,MC,UP,SR,47.7435,-113.8273,9.77,107.8,14.8,0.187,0.938,1.5,16.2,1.6,63.1,3.6,45.4,24.2,Epilithon,0.1,0.8
326,Swan,MC,UP,RN,47.7458,-113.8278,9.34,101.5,14.1,0.436,1.188,1.5,18.2,1.3,99.7,2.6,80,33.9,Epilithon,0.69,3.6
327,Swan,MC,UP,PO,47.7442,-113.8272,8.89,106.8,18.5,0.222,1.956,1.5,3.9,1.3,78.3,1.5,72.9,9.2,,,
328,Swan,OC,UP,FC,47.7377,-113.8307,9.54,111.4,17.2,0.267,1.056,1.5,3.4,5,65.6,1.5,60.7,2.2,Epilithon,0.24,1.4
329,Swan,MC,UP,SL,47.738,-113.8287,9.37,110.3,17.6,0.304,0.942,3,15.2,2.3,102.4,4.7,84.2,17.6,Epilithon,0.11,0.3
331,Swan,OC,UP,PS,47.7358,-113.827,5.27,64.8,19.6,0.257,1.014,3,61.5,3,131,2.3,66.5,48.3,Epilithon,1.2,3.2
333,Swan,MC,UP,CZ,47.7388,-113.8309,9.13,107.4,17.5,0.273,0.917,1.5,15.9,1.3,80.8,1.5,63.4,29.9,Epilithon,2.41,10.5
335,Swan,OC,UP,PS,47.7399,-113.8274,5.93,61.3,11.2,2.541,1.514,1.8,12.9,3.6,59,1.9,44.3,9,Epilithon,1.15,20
337,Swan,OC,UP,OS,47.7458,-113.8295,3.9,40,11.6,0.426,1.651,37.6,4.2,3.6,119.2,2.7,77.4,25.6,Epilithon,0.37,12.9
339,Swan,OC,UP,PN,47.7379,-113.8294,3.17,36.8,17.3,0.105,1.705,1.5,1.9,8,,,,0.9,FBOM,29.61,511.2
340,Swan,MC,MD,SR,47.8136,-113.8326,9.49,102.3,14,0.319,1.501,1.5,26.4,5,,,,12.4,Epilithon,0.24,9.1
341,Swan,MC,MD,RN,47.8101,-113.8355,9.96,110.2,15.2,0.265,1.389,1.5,22.9,5,55.5,1.7,31.1,10.9,Epilithon,0.13,0.9
342,Swan,MC,MD,PO,47.8091,-113.8373,9.43,107.6,16.3,0.254,1.057,1.5,26.5,5.3,92.8,2.7,64.8,11.7,,,
343,Swan,OC,MD,FC,47.8144,-113.8335,5.31,56.2,13.3,0.17,0.981,1.5,23.2,5,76,3.3,51.3,11,Epilithon,0.49,96.3
344,Swan,MC,MD,SL,47.8082,-113.8391,7.69,94.1,19.6,0.154,0.536,2.8,12.4,3.6,115,2.1,99.9,9.2,Epilithon,0.1,0.3
346,Swan,MC,MD,CZ,47.8063,-113.838,9.08,105.1,17,0.316,0.862,2,23.5,4.3,57.8,3.5,32.3,13.2,Epilithon,0.06,0.2
348,Swan,OC,MD,BK,47.8101,-113.8361,9.45,110.2,17.5,0.33,1.226,1.5,25.9,4.6,50,3.1,22.6,13.1,FBOM,27.61,121.3
350,Swan,OC,MD,OS,47.8112,-113.8324,3.76,35.9,8.7,0.976,0.609,1.5,31.5,5.6,149.8,16.6,116.8,13,FBOM,33.94,180.9
352,Swan,OC,MD,PN,47.8159,-113.8337,6.41,65.1,11.3,5.969,2.075,1.5,13.9,11.6,93.7,2.1,78.3,2.9,FBOM,70.38,431.1
353,Swan,MC,DW,SR,47.8205,-113.8362,9.56,102,13.7,0.361,1.3,1.7,26.9,6,33.6,2.8,5.1,10.6,Epilithon,0.07,1
354,Swan,MC,DW,RN,47.8181,-113.8344,11.13,126.2,16.1,0.355,1.436,1.5,23.9,4.6,54.7,3.1,29.3,12.1,Epilithon,0.61,3.4
355,Swan,MC,DW,PO,47.8224,-113.8425,10.37,116.4,15.6,0.562,1.252,1.5,25.2,6,70.7,1.9,44,9.9,,,
356,Swan,OC,DW,FC,47.8197,-113.84,9.37,100.3,13.7,0.32,1.139,1.5,26.2,5.6,72.1,2,44.4,10.9,Epilithon,0.07,0.3
357,Swan,MC,DW,SL,47.8205,-113.8426,9.64,104.3,14.2,0.241,1.077,2.8,22.9,5.3,50.2,1.5,24.5,10.8,Epilithon,0.24,2.3
359,Swan,OC,DW,PS,47.823,-113.8434,6.42,73.6,16.7,0.421,1.12,1.5,39.9,6.3,,,,14.6,FBOM,3.2,8.1
361,Swan,MC,DW,CZ,47.8232,-113.8436,9.8,106.7,14.3,0.44,1.545,1.5,323.2,5.3,,,,135.9,Epilithon,0.08,0.7
363,Swan,OC,DW,BK,47.8238,-113.845,0.93,10.8,17.1,0.341,1.781,7.4,10.4,7.8,,,,5.1,FBOM,1.97,4.6
365,Swan,OC,DW,PN,47.8225,-113.8438,3.3,40.8,20.6,0.189,1.76,1.5,3.9,8.3,36.4,2.5,31,1.4,FBOM,2.29,6.9
